site,date,species,count
Lower_ross,2026-05-01, barramundi ,6
Lower_ross,2026-05-01,MANGROVE JACK,3
Lower_ross,2026-05-01,bream,4
Lower_ross,2026-05-01,flathead ,2
Lower_ross,2026-05-02, barramundi ,1
Lower_ross,2026-05-02,MANGROVE JACK,1
Lower_ross,2026-05-02,bream,3
Lower_ross,2026-05-02,flathead ,3
Lower_ross,2026-05-03,MANGROVE JACK,2
Lower_ross,2026-05-03,flathead ,3
Lower_ross,2026-05-04, barramundi ,1
Lower_ross,2026-05-04,MANGROVE JACK,8
Lower_ross,2026-05-04,bream,4
Lower_ross,2026-05-04,flathead ,1
Lower_ross,2026-05-05, barramundi ,1
Lower_ross,2026-05-05,MANGROVE JACK,2
Lower_ross,2026-05-05,bream,1
Lower_ross,2026-05-05,flathead ,2
Lower_ross,2026-05-06, barramundi ,4
Lower_ross,2026-05-06,MANGROVE JACK,2
Lower_ross,2026-05-06,bream,2
Lower_ross,2026-05-06,flathead ,3
Lower_ross,2026-05-07, barramundi ,1
Lower_ross,2026-05-07,MANGROVE JACK,1
Lower_ross,2026-05-07,bream,2
Lower_ross,2026-05-07,flathead ,1
Lower_ross,2026-05-08, barramundi ,2
Lower_ross,2026-05-08,bream,3
Lower_ross,2026-05-08,flathead ,2
Lower_ross,2026-05-09, barramundi ,3
Lower_ross,2026-05-09,MANGROVE JACK,1
Lower_ross,2026-05-09,flathead ,1
Lower_ross,2026-05-10,MANGROVE JACK,5
Lower_ross,2026-05-10,bream,5
Lower_ross,2026-05-10,flathead ,3
Lower_ross,2026-05-11, barramundi ,2
Lower_ross,2026-05-11,MANGROVE JACK,4
Lower_ross,2026-05-11,flathead ,3
Lower_ross,2026-05-12, barramundi ,1
Lower_ross,2026-05-12,MANGROVE JACK,2
Lower_ross,2026-05-12,bream,3
Lower_ross,2026-05-12,flathead ,2
Lower_ross,2026-05-13, barramundi ,1
Lower_ross,2026-05-13,MANGROVE JACK,2
Lower_ross,2026-05-13,bream,1
Lower_ross,2026-05-13,flathead ,3
Lower_ross,2026-05-14, barramundi ,4
Lower_ross,2026-05-14,MANGROVE JACK,2
Lower_ross,2026-05-14,bream,4
Lower_ross,2026-05-14,flathead ,4
Lower_ross,2026-05-15, barramundi ,1
Lower_ross,2026-05-15,MANGROVE JACK,3
Lower_ross,2026-05-15,bream,1
Lower_ross,2026-05-15,flathead ,3
Lower_ross,2026-05-16,bream,1
Lower_ross,2026-05-17, barramundi ,2
Lower_ross,2026-05-17,MANGROVE JACK,4
Lower_ross,2026-05-17,bream,2
Lower_ross,2026-05-17,flathead ,2
Lower_ross,2026-05-18, barramundi ,1
Lower_ross,2026-05-18,MANGROVE JACK,2
Lower_ross,2026-05-18,bream,4
Lower_ross,2026-05-18,flathead ,3
Lower_ross,2026-05-19, barramundi ,1
Lower_ross,2026-05-19,MANGROVE JACK,2
Lower_ross,2026-05-19,bream,4
Lower_ross,2026-05-19,flathead ,1
Lower_ross,2026-05-20, barramundi ,2
Lower_ross,2026-05-20,MANGROVE JACK,1
Lower_ross,2026-05-20,bream,3
Lower_ross,2026-05-20,flathead ,2
Lower_ross,2026-05-21,MANGROVE JACK,1
Lower_ross,2026-05-21,bream,1
Lower_ross,2026-05-21,flathead ,1
Lower_ross,2026-05-22, barramundi ,1
Lower_ross,2026-05-22,MANGROVE JACK,1
Lower_ross,2026-05-22,bream,3
Lower_ross,2026-05-22,flathead ,2
Lower_ross,2026-05-23, barramundi ,2
Lower_ross,2026-05-23,MANGROVE JACK,3
Lower_ross,2026-05-23,bream,1
Lower_ross,2026-05-23,flathead ,1
Lower_ross,2026-05-24, barramundi ,1
Lower_ross,2026-05-24,flathead ,3
Lower_ross,2026-05-25, barramundi ,2
Lower_ross,2026-05-25,MANGROVE JACK,2
Lower_ross,2026-05-25,bream,3
Lower_ross,2026-05-25,flathead ,1
Lower_ross,2026-05-26, barramundi ,2
Lower_ross,2026-05-26,MANGROVE JACK,1
Lower_ross,2026-05-26,flathead ,2
Lower_ross,2026-05-27, barramundi ,3
Lower_ross,2026-05-27,MANGROVE JACK,1
Lower_ross,2026-05-27,bream,2
Lower_ross,2026-05-27,flathead ,2
Lower_ross,2026-05-28,MANGROVE JACK,2
Lower_ross,2026-05-28,flathead ,3
Lower_ross,2026-05-29, barramundi ,3
Lower_ross,2026-05-29,MANGROVE JACK,1
Lower_ross,2026-05-29,bream,2
Lower_ross,2026-05-29,flathead ,3
Lower_ross,2026-05-30,MANGROVE JACK,1
Lower_ross,2026-05-30,bream,1
Lower_ross,2026-05-30,flathead ,1